Country,City,Latitude,Longitude,Hemisphere,Processed,Temperature (F),Humidity (%),Cloudiness (%),Wind Speed (mph)
ag,liberta,17.033333300000002,-61.783333299999995,N,Y,81.09,73,75,5.75
am,arevik,40.10055560000001,44.0969444,N,Y,30.2,86,100,1.14
at,grodig,47.733333,13.033333,N,Y,44.38,57,75,16.11
at,koflach,47.066666999999995,15.083332999999998,N,Y,36.79,87,20,1.14
at,schladming,47.383333,13.683333,N,Y,33.98,94,100,6.98
ba,gornje dubrave,44.471388899999994,18.729722199999998,N,Y,47.08,71,40,3.44
ba,mostar,43.3433333,17.8080556,N,Y,42.4,93,75,2.3
ba,mramor,44.591666700000005,18.5644444,N,Y,46.2,87,40,4.61
ba,pecigrad,45.054444399999994,15.896944400000002,N,Y,44.01,88,100,4.76
ba,petkovci,44.453055600000006,19.076111100000002,N,Y,46.2,87,40,4.61
ba,rogatica,43.8008333,19.0025,N,Y,39.69,100,75,3.44
ba,velika kladusa,45.1894444,15.811666699999998,N,Y,44.01,88,100,4.65
bd,ramgarh,22.9702778,91.7966667,N,Y,60.8,82,40,3.44
be,anhee,50.316666999999995,4.883333,N,Y,46.31,93,90,14.97
be,drogenbos,50.783333,4.316667,N,Y,46.78,93,75,9.22
be,lokeren,51.1,3.983333,N,Y,48.69,93,75,7.0
be,olne,50.583333,5.75,N,Y,46.76,87,75,13.8
be,sint-pieters-leeuw,50.783333,4.233333,N,Y,46.87,91,98,4.0
be,verlaine,50.6,5.316667,N,Y,47.39,87,75,13.8
be,wavre,50.716667,4.616667,N,Y,47.1,93,90,6.91
bg,pirdop,42.7,24.1833333,N,Y,39.45,69,90,2.35
bg,zlatograd,41.3833333,25.1,N,Y,46.99,65,27,4.74
bi,gitega,-3.425,29.933333299999997,S,Y,66.4,83,57,2.8
br,araripe,-7.2,-40.133333,S,Y,77.7,75,100,4.97
br,buritama,-21.05,-50.133333,S,Y,87.44,56,88,8.05
br,cachoeirinha,-29.95,-51.083333,S,Y,84.74,74,40,8.05
br,caieiras,-23.361929999999997,-46.740681,S,Y,86.0,51,40,4.61
br,campos belos,-13.05,-46.883333,S,Y,86.63,46,92,5.86
br,canoinhas,-26.166667,-50.4,S,Y,70.07,88,100,5.21
br,delmiro gouveia,-9.383333,-37.983333,S,Y,87.8,45,75,9.22
br,formiga,-20.45,-45.416667,S,Y,80.33,60,100,6.11
br,frutal,-20.033333,-48.916667,S,Y,88.43,43,94,6.13
br,guara,-20.433332999999998,-47.833333,S,Y,86.81,43,100,7.72
br,jeronimo monteiro,-20.783333,-41.4,S,Y,90.45,46,0,5.46
br,joinville,-26.3,-48.833333,S,Y,81.91,78,75,2.3
br,julio de castilhos,-29.233333000000002,-53.683333,S,Y,87.8,66,75,9.22
br,maravilha,-26.783333000000002,-53.15,S,Y,82.8,83,75,20.71
br,mirai,-21.2,-42.616667,S,Y,86.45,57,15,6.13
br,morro da fumaca,-28.666666999999997,-49.2,S,Y,89.1,59,99,5.32
br,paraguacu,-21.55,-45.733333,S,Y,81.16,59,100,5.77
br,patos,-7.016667,-37.266667,S,Y,91.92,36,100,4.68
br,penapolis,-21.4,-50.066666999999995,S,Y,84.88,63,94,6.89
br,ribeirao branco,-24.216667,-48.783333,S,Y,71.22,93,99,4.81
br,santos,-23.95,-46.333333,S,Y,90.16,26,99,5.82
br,uberaba,-19.75,-47.916667,S,Y,84.2,42,40,6.91
ca,acton vale,45.633333,-72.56666700000001,N,Y,6.69,72,100,6.91
ca,brantford,43.133333,-80.266667,N,Y,20.12,63,75,13.8
ca,erin,43.766667,-80.06666700000001,N,Y,33.03,64,1,3.44
ca,houston,54.4,-126.65,N,Y,54.34,71,90,5.75
ca,irricana,51.316666999999995,-113.61666699999999,N,Y,5.77,92,86,3.44
ca,lucan,43.183333000000005,-81.4,N,Y,47.89,87,75,12.66
ca,mont-joli,48.583333,-68.18333299999999,N,Y,14.0,62,75,20.71
ca,okotoks,50.716667,-113.96666699999999,N,Y,5.13,86,1,1.01
ca,saint-michel-des-saints,46.666667,-73.916667,N,Y,3.99,89,81,9.1
ca,shawville,45.6,-76.483333,N,Y,3.34,78,19,5.01
ca,sherbrooke,45.4,-71.9,N,Y,2.62,66,100,11.5
ca,thompson,55.75,-97.866667,N,Y,-4.0,77,90,4.61
ca,thurso,45.583333,-75.233333,N,Y,37.4,87,20,12.66
ca,wheatley,42.1,-82.45,N,Y,49.42,81,75,11.5
cd,bukama,-9.2,25.85,S,Y,80.17,78,79,1.68
ch,aadorf,47.492721,8.898325999999999,N,Y,46.38,66,90,11.5
ch,gossau,47.306992,8.757972,N,Y,44.8,71,75,11.5
ch,kerns,46.900882,8.276516,N,Y,37.94,61,75,10.36
ch,zollikofen,46.995678000000005,7.459013000000001,N,Y,44.22,74,97,13.0
cn,bayan,46.083333,127.4,N,Y,-11.45,90,100,7.31
cn,dongying,37.456389,118.485556,N,Y,35.42,73,0,6.93
cn,huaiyuan,32.958933,117.16565800000001,N,Y,40.75,67,26,6.87
cn,lingdong,46.566944,131.145278,N,Y,-16.62,84,4,3.02
cn,sanmenxia,34.774722,111.181389,N,Y,39.94,59,28,3.2
cn,shangqiu,34.383333,115.61666699999999,N,Y,44.01,59,100,1.01
cn,shenxian,36.241111,115.667222,N,Y,42.13,52,100,6.2
cn,zhaoqing,23.051157,112.459722,N,Y,64.0,99,0,1.66
cn,zhuji,29.718765,120.242333,N,Y,38.53,60,0,2.24
co,corozal,9.315046,-75.292827,N,Y,86.25,52,99,7.99
co,el calvario,4.3534239999999995,-73.711467,N,Y,77.0,47,0,5.75
co,manta,5.008643,-73.54115,N,Y,84.2,70,75,8.05
co,san pedro,9.395603,-75.064758,N,Y,77.0,73,20,4.61
co,sibate,4.484249,-74.24499,N,Y,66.2,45,20,3.44
co,sutamarchan,5.615375,-73.617006,N,Y,74.75,46,100,0.89
cu,manati,21.304722199999997,-76.8402778,N,Y,80.55,73,14,1.99
cu,santa cruz del sur,20.714722199999997,-77.9955556,N,Y,75.42,55,0,19.15
cu,varadero,23.1536111,-81.25138890000001,N,Y,71.6,56,75,16.11
cu,zulueta,22.366944399999998,-79.5691667,N,Y,60.91,67,20,2.3
cz,jablonne nad orlici,50.030388,16.603926,N,Y,31.17,53,100,1.99
cz,klecany,50.176478,14.412374,N,Y,34.39,93,90,2.3
cz,korycany,49.109827,17.166496,N,Y,36.57,100,90,4.61
cz,ledec,49.696295,15.274891,N,Y,37.6,100,90,17.27
cz,lednice,48.797895000000004,16.803683,N,Y,39.96,98,100,5.03
cz,milovice,50.228034,14.889739000000002,N,Y,34.36,93,90,3.44
cz,olomouc,49.59404,17.25119,N,Y,31.8,99,100,9.64
cz,postrelmov,49.910957,16.916429,N,Y,29.84,53,100,1.99
cz,sobeslav,49.259093,14.718653,N,Y,40.96,100,100,1.01
cz,uvaly,50.073111,14.725905,N,Y,34.74,93,90,2.3
cz,veverska bityska,49.275743,16.436621,N,Y,35.64,96,100,10.98
cz,vlasim,49.703603,14.899412,N,Y,40.35,93,100,8.99
de,albstadt,48.25,9.016667,N,Y,42.64,91,99,12.01
de,gangelt,50.983333,6.0,N,Y,46.47,87,75,11.5
de,sandhausen,49.342778,8.659167,N,Y,48.11,71,0,13.8
de,sulzbach-rosenberg,49.498333,11.751667,N,Y,44.83,93,90,6.91
de,treuchtlingen,48.95,10.916667,N,Y,46.38,71,75,14.97
de,zehdenick,52.983332999999995,13.333332999999998,N,Y,30.67,72,100,8.21
dk,arhus,56.153423,10.225530000000001,N,Y,27.09,93,90,6.91
dk,hillerod,55.933333,12.316667,N,Y,28.56,92,82,1.99
dk,karup,56.309808,9.170866,N,Y,28.45,80,90,11.5
dk,logten,56.274591,10.311810000000001,N,Y,27.07,93,90,6.91
dk,rudkobing,54.937993999999996,10.721368,N,Y,30.76,80,75,11.5
dk,skaelskor,55.250578000000004,11.293522,N,Y,30.99,90,100,1.01
dk,stavnsholt,55.814788,12.405453999999999,N,Y,28.2,90,71,5.61
dk,thyboron,56.698459,8.21238,N,Y,28.67,90,100,5.01
dk,vejle,55.708391000000006,9.542763,N,Y,29.61,86,75,10.36
do,esperanza,19.5833333,-71.0,N,Y,78.01,71,2,5.01
do,san jose de ocoa,18.55,-70.5,N,Y,75.74,61,20,13.8
do,villa bisono,19.5666667,-70.8666667,N,Y,75.63,69,75,9.22
ec,lomas de sargentillo,-1.8833332999999999,-80.08333329999999,S,Y,77.0,88,75,3.44
ec,pimampiro,0.4,-77.9666667,N,Y,55.4,88,90,4.61
ee,koeru,58.9630556,26.0308333,N,Y,26.6,98,100,10.11
es,almansa,38.869166,-1.0971309999999999,N,Y,75.51,45,0,12.66
es,berga,42.098215,1.844004,N,Y,29.35,69,40,6.91
es,blanes,41.675765999999996,2.789078,N,Y,60.28,81,94,1.99
es,leganes,40.326946,-3.760422,N,Y,54.64,87,75,2.3
es,martos,37.721072,-3.9726449999999995,N,Y,66.56,74,0,3.0
es,pinto,40.240899,-3.6964669999999997,N,Y,56.59,82,20,4.61
et,dodola,6.983333,39.183333000000005,N,Y,60.51,33,39,3.83
et,guder,8.966667,37.766667,N,Y,68.4,25,38,1.45
fi,vammala,61.333332999999996,22.9,N,Y,19.13,86,90,8.05
fr,coulommiers,48.81451,3.0849830000000003,N,Y,48.29,87,84,10.0
fr,epinay-sur-orge,48.673384000000006,2.310739,N,Y,48.51,87,75,19.57
fr,eysines,44.883522,-0.646859,N,Y,55.45,82,90,10.36
fr,gardanne,43.454638,5.469878,N,Y,59.02,52,80,1.01
fr,givors,45.584146000000004,4.772558,N,Y,54.86,54,75,16.11
fr,neuville-en-ferrain,50.748391,3.156756,N,Y,48.0,74,94,1.01
fr,villiers-sur-marne,48.830999,2.548441,N,Y,49.5,87,90,16.11
gb,bolton,53.583332999999996,-2.433333,N,Y,46.09,91,79,5.01
gb,bridgwater,51.129721999999994,-3.000556,N,Y,49.41,78,59,7.0
gb,corby,52.483332999999995,-0.666667,N,Y,49.5,81,75,9.22
gb,dalrymple,55.38333299999999,-4.5833330000000005,N,Y,40.08,87,90,9.22
gb,forres,57.6,-3.6166669999999996,N,Y,39.11,70,20,8.05
gb,hopeman,57.7,-3.416667,N,Y,39.13,65,40,12.66
gb,middlesbrough,54.572778,-1.162778,N,Y,43.41,81,75,10.36
gb,stafford,52.8,-2.1,N,Y,47.66,52,45,9.93
gb,stratford-upon-avon,52.183333000000005,-1.7,N,Y,49.48,91,38,4.0
gb,turriff,57.533333,-2.45,N,Y,36.63,27,46,5.01
ge,kvareli,41.9513889,45.8016667,N,Y,46.04,57,100,1.03
gh,saltpond,5.2,-1.0666666999999999,N,Y,83.59,68,42,10.71
gn,faranah,10.0333333,-10.733333300000002,N,Y,97.72,9,23,6.31
gn,forecariah,9.4305556,-13.0880556,N,Y,96.08,23,0,4.63
gr,aiani,40.1666667,21.8166667,N,Y,46.4,57,100,2.04
gr,alexandroupoli,40.8475,25.874444399999998,N,Y,48.2,71,20,4.61
gr,galatas,38.35,21.5666667,N,Y,54.32,62,20,3.8
gr,kallithea,40.0833333,23.45,N,Y,54.01,62,20,3.06
gr,kalos agros,41.1,24.0833333,N,Y,45.5,66,0,2.3
gr,kato kamila,41.0166667,23.4833333,N,Y,43.3,54,86,4.0
gr,limni,38.7666667,23.3166667,N,Y,50.0,72,99,1.99
gr,mantamados,39.3116667,26.333888899999998,N,Y,50.0,71,20,12.66
gr,petinos,41.1,24.9,N,Y,46.8,66,0,2.3
gr,sparti,37.0733333,22.429722199999997,N,Y,51.91,82,75,1.88
gr,stanos,38.8,21.1666667,N,Y,42.94,81,75,6.91
gr,taxiarkhis,40.4333333,23.5166667,N,Y,46.33,67,87,10.0
gr,viron,37.966666700000005,23.75,N,Y,53.01,83,100,10.0
gr,zigos,41.0166667,24.3833333,N,Y,46.74,66,0,2.3
gt,antigua guatemala,14.561110999999999,-90.734444,N,Y,62.11,42,0,23.02
gt,el quetzal,14.766667000000002,-91.81666700000001,N,Y,73.67,59,36,2.91
hn,cofradia,15.4,-88.15,N,Y,80.42,73,40,4.61
hn,copan,14.833333300000001,-89.15,N,Y,70.47,72,75,11.5
hn,el corpus,13.2888889,-87.0347222,N,Y,69.8,73,75,11.5
hn,la esperanza,15.633333300000002,-85.7666667,N,Y,66.54,23,0,34.52
hn,la estancia,15.2833333,-87.55,N,Y,55.4,67,75,8.05
hn,ojos de agua,14.7,-88.8166667,N,Y,64.4,94,75,9.22
hn,omoa,15.766666699999998,-88.0333333,N,Y,80.44,73,40,4.61
hr,krk,45.025833299999995,14.573055599999998,N,Y,50.0,93,75,10.36
hu,babolna,47.643612,17.977979,N,Y,44.6,81,90,11.5
hu,bordany,46.31843,19.923057999999997,N,Y,45.0,99,100,1.01
hu,buk,47.384859999999996,16.750654,N,Y,29.46,80,40,3.44
hu,dunaharaszti,47.354495,19.098223,N,Y,41.0,93,90,3.44
hu,edeleny,48.3,20.733333,N,Y,30.72,100,90,4.61
hu,farmos,47.360671,19.846193,N,Y,40.84,100,90,6.91
hu,kaszaper,46.466667,20.833333,N,Y,42.6,93,75,8.05
hu,megyaszo,48.183333000000005,21.05,N,Y,30.76,100,90,4.61
hu,nagyhegyes,47.516667,21.416667,N,Y,37.4,100,75,8.05
hu,olaszliszka,48.25,21.433332999999998,N,Y,30.76,100,90,4.61
hu,paks,46.62648,18.859624,N,Y,46.38,84,100,12.15
hu,tiszaroff,47.4,20.45,N,Y,41.02,100,90,6.91
id,cikampek,-6.419722,107.45583300000001,S,Y,77.0,88,20,5.75
id,kutoarjo,-7.716944,109.912778,S,Y,74.82,92,100,4.99
id,pameungpeuk,-6.669167,107.549722,S,Y,71.04,83,100,2.89
ie,dunshaughlin,53.5125,-6.54,N,Y,48.13,81,75,11.5
ie,ratoath,53.5080556,-6.4625,N,Y,48.07,81,75,11.5
ie,tullamore,53.273888899999996,-7.488888900000001,N,Y,47.35,83,49,5.86
il,haifa,32.815556,34.989167,N,Y,56.7,54,40,12.66
in,barh,25.483333,85.716667,N,Y,48.2,93,0,7.76
in,bhindar,24.5,74.18333299999999,N,Y,55.69,36,0,7.67
in,dakor,22.75,73.15,N,Y,67.33,43,6,10.36
in,faizabad,26.783333000000002,82.133333,N,Y,52.27,51,0,7.56
in,gangakher,18.95,76.75,N,Y,79.38,33,100,3.51
in,guwahati,26.183332999999998,91.733333,N,Y,59.0,88,75,3.58
in,herbertpur,30.45,77.733333,N,Y,51.66,46,0,4.54
in,junnar,19.2,73.883333,N,Y,71.04,35,52,4.61
in,kalanaur,32.016667,75.15,N,Y,52.7,40,0,4.54
in,kamareddi,18.316667000000002,78.35,N,Y,72.63,55,78,5.86
in,kanker,20.271944,81.49305600000001,N,Y,69.91,60,14,4.85
in,karur,10.95,78.083333,N,Y,76.03,71,24,9.53
in,kesabpur,22.968332999999998,88.262778,N,Y,66.22,38,1,5.06
in,khachrod,23.416667,75.283333,N,Y,56.52,36,0,8.05
in,koath,25.316667000000002,84.266667,N,Y,51.73,51,0,6.49
in,kodarma,24.433332999999998,85.516667,N,Y,52.75,66,0,3.13
in,koratla,18.816667000000002,78.716667,N,Y,73.58,57,91,7.07
in,kumsi,14.066667,75.4,N,Y,68.02,60,69,3.47
in,lakhnau,26.85,80.916667,N,Y,51.8,93,0,3.44
in,madhoganj,27.116667,80.15,N,Y,51.71,50,0,6.35
in,majitha,31.758333,74.954444,N,Y,50.0,81,0,3.24
in,nandgaon,27.716666999999998,77.383333,N,Y,72.82,29,94,7.23
in,pachora,20.666667,75.35,N,Y,72.52,29,95,4.03
in,panna,24.716667,80.2,N,Y,51.42,45,0,3.98
in,pilani,28.3684,75.6041,N,Y,55.98,33,0,5.01
in,puttur,13.45,79.55,N,Y,78.8,73,10,0.74
in,raipur,30.316667,78.1,N,Y,70.25,51,32,2.44
in,rairangpur,22.266667,86.166667,N,Y,68.65,30,57,4.45
in,rehli,23.633333,79.083333,N,Y,54.21,39,0,7.09
in,sahaswan,28.083333000000003,78.75,N,Y,52.21,45,0,7.52
in,sahibganj,25.25,87.65,N,Y,59.76,44,0,7.16
in,sarahan,31.516666999999998,77.8,N,Y,31.57,70,18,8.28
in,satana,20.583333,74.2,N,Y,69.48,32,81,4.97
in,seondha,26.157778,78.77972199999999,N,Y,52.32,45,0,4.68
in,shahpura,25.633333,74.93333299999999,N,Y,60.8,25,0,3.44
in,sitarganj,28.933333,79.7,N,Y,50.58,46,0,3.02
in,tanuku,16.75,81.7,N,Y,75.2,88,95,4.61
in,wani,20.066667000000002,78.95,N,Y,76.78,54,82,7.85
in,wazirganj,28.216666999999998,79.05,N,Y,52.41,45,0,8.66
iq,mandali,33.7436111,45.5463889,N,Y,60.22,67,79,27.34
ir,azad shahr,37.087009,55.173973,N,Y,37.0,80,8,8.52
ir,borujerd,33.8973,48.7516,N,Y,44.6,81,90,6.91
ir,khorramabad,33.487778000000006,48.355833000000004,N,Y,44.6,81,90,6.91
it,avezzano,42.033333,13.416667000000002,N,Y,46.47,93,75,4.61
it,bergamo,45.683333000000005,9.716667,N,Y,39.83,70,8,2.3
it,bordighera,43.766667,7.65,N,Y,59.61,36,0,26.46
it,fasano,40.833333,17.366667,N,Y,55.94,87,20,13.8
it,lonigo,45.383333,11.383333,N,Y,41.67,72,100,1.99
it,muggio,45.583333,9.216667,N,Y,45.34,71,20,5.75
it,mugnano di napoli,40.916667,14.2,N,Y,56.57,94,75,10.36
it,opera,45.366667,9.2,N,Y,45.63,71,20,5.75
it,pachino,36.716667,15.083332999999998,N,Y,56.34,94,75,12.66
it,romano di lombardia,45.516667,9.75,N,Y,40.42,70,37,2.3
it,san prisco,41.083333,14.266667000000002,N,Y,57.13,94,75,8.57
it,veroli,41.683333000000005,13.416667000000002,N,Y,46.42,93,75,4.61
jo,wadi musa,30.322211,35.479329,N,Y,39.87,84,82,18.84
jp,fujinomiya,35.216667,138.616667,N,Y,30.99,66,0,1.99
jp,iida,35.516667,137.833333,N,Y,25.0,50,71,7.0
jp,inagi,35.634533000000005,139.558786,N,Y,34.3,64,1,9.95
jp,itami,34.766667,135.416667,N,Y,28.63,80,83,1.01
jp,iwata,34.7,137.85,N,Y,34.0,87,15,5.01
jp,komatsushima,34.0,134.583333,N,Y,35.6,48,20,20.71
jp,nakatsugawa,35.483333,137.5,N,Y,29.73,100,75,3.44
jp,ritto,35.027452000000004,135.99971200000002,N,Y,33.4,76,46,5.99
jp,shiroishi,38.003333000000005,140.618333,N,Y,29.5,49,51,1.99
jp,wakuya,38.533333,141.133333,N,Y,27.25,87,2,29.04
ke,mumias,0.3363889,34.4891667,N,Y,86.0,45,40,13.8
ke,rongai,-0.1666667,35.85,S,Y,68.88,43,72,9.84
ke,sagana,-0.6666667,37.2,S,Y,68.68,77,47,6.46
lc,vieux fort,13.7166667,-60.95,N,Y,84.2,61,20,13.8
lk,kotte,6.902777799999999,79.9083333,N,Y,80.6,78,20,4.61
ls,mokhotlong,-29.2833333,29.0833333,S,Y,67.41,52,99,7.52
lt,salcininkai,54.3,25.3833333,N,Y,25.27,93,90,10.36
lt,varena,54.216666700000005,24.5666667,N,Y,24.87,93,90,10.36
lu,differdange,49.5241667,5.8913889,N,Y,44.6,89,97,7.0
lv,aloja,57.7669444,24.8825,N,Y,27.0,95,100,1.99
lv,rujiena,57.9,25.3166667,N,Y,28.58,98,100,9.26
md,nisporeni,47.081389,28.178333000000002,N,Y,32.0,93,0,10.36
mg,mananjary,-21.216666699999998,48.3333333,S,Y,81.36,75,2,7.23
mk,mavrovi anovi,41.7005556,20.7555556,N,Y,44.6,70,75,10.36
mk,sveti nikole,41.865,21.9427778,N,Y,41.0,65,40,2.3
mk,zletovo,41.9886111,22.2361111,N,Y,41.0,65,40,2.3
ml,kayes,14.45,-11.433333300000001,N,Y,99.63,7,0,1.23
ml,kimparana,12.833333300000001,-4.9333333,N,Y,97.0,9,0,8.25
mm,taungdwingyi,20.0166667,95.55,N,Y,75.18,52,35,4.09
mq,le robert,14.666666699999999,-60.9333333,N,Y,82.71,58,20,11.5
mt,zurrieq,35.831111,14.474167000000001,N,Y,63.05,68,0,14.97
mw,chitipa,-9.7166667,33.2666667,S,Y,68.47,90,88,2.15
mx,acuitzio,19.483333,-101.333333,N,Y,59.9,54,64,5.06
mx,anahuac,27.233333000000002,-100.15,N,Y,57.2,77,1,8.05
mx,buenavista,17.6625,-92.708333,N,Y,73.22,84,100,3.13
mx,cardenas,22.0,-99.666667,N,Y,71.6,56,75,16.11
mx,cihuatlan,19.25,-104.56666700000001,N,Y,82.4,78,20,2.93
mx,cuernavaca,18.916667,-99.25,N,Y,69.8,46,75,4.61
mx,duarte,21.083333,-101.516667,N,Y,45.66,100,75,3.18
mx,dzidzantun,21.25,-89.05,N,Y,73.49,60,65,6.8
mx,felipe carrillo puerto,19.583333,-88.05,N,Y,75.61,67,68,5.39
mx,jilotepec,19.916944,-99.565833,N,Y,55.8,88,94,1.79
mx,juan aldama,24.290833,-103.394444,N,Y,54.25,61,0,8.68
mx,nanacamilpa,19.483333,-98.55,N,Y,54.79,54,40,6.91
mx,san juan evangelista,17.9,-95.133333,N,Y,71.6,88,90,13.6
mx,suchil,23.633333,-103.916667,N,Y,62.35,44,2,1.63
mx,tabasco,21.866667,-102.916667,N,Y,75.2,88,90,10.36
mx,temixco,18.85,-99.233333,N,Y,69.8,46,75,4.61
mx,teopisca,16.516667,-92.483333,N,Y,78.8,53,40,6.91
mx,tlaxcoapan,20.083333,-99.216667,N,Y,55.8,61,95,0.96
mx,tzucacab,20.066667000000002,-89.05,N,Y,75.61,58,81,5.06
mx,valle de banderas,20.8,-105.233333,N,Y,73.4,64,20,5.75
mx,viesca,25.35,-102.8,N,Y,62.28,36,1,8.23
mx,villahermosa,17.983333,-92.916667,N,Y,75.2,88,90,10.36
mx,zitlaltepec,19.206944,-97.908333,N,Y,57.2,54,40,6.91
mx,zongozotla,19.983333,-97.733333,N,Y,63.37,69,82,4.45
my,parit buntar,5.126714,100.493156,N,Y,78.53,89,20,2.3
ne,tibiri,13.570555599999999,7.044444400000001,N,Y,86.0,12,0,16.11
ng,dutse,11.759404,9.339207,N,Y,87.84,12,0,13.98
ng,ihiala,5.853769000000001,6.860264999999999,N,Y,99.63,14,3,4.56
ng,ilesha,8.916667,3.416667,N,Y,97.92,15,4,5.77
ng,lafiagi,8.866667,5.4166669999999995,N,Y,101.93,9,0,4.18
ni,rivas,11.433333300000001,-85.83333329999999,N,Y,77.0,83,75,9.22
nl,lochem,52.160808,6.4151,N,Y,48.36,89,100,5.01
nl,monster,52.026383,4.173593,N,Y,48.25,87,90,16.11
nl,naarden,52.292164,5.149612,N,Y,48.38,85,99,1.01
nl,putten,52.260897,5.613074,N,Y,47.7,90,100,8.99
no,bergen,60.391110999999995,5.324722,N,Y,29.37,69,40,6.91
no,rakkestad,59.433333,11.35,N,Y,14.63,87,0,2.66
no,rotnes,60.05,10.883333,N,Y,12.51,92,90,3.44
pa,remedios,8.2333333,-81.85,N,Y,71.6,53,75,18.41
pa,rio rita,9.3038889,-79.7944444,N,Y,81.0,70,100,18.99
pa,santa clara,9.035277800000001,-79.7522222,N,Y,71.6,53,75,18.41
pe,bellavista,-5.6622222,-78.6755556,S,Y,87.8,62,20,1.92
pe,huaral,-11.4975,-77.2033333,S,Y,75.2,64,0,8.05
pe,pucallpa,-8.3825,-74.53805559999999,S,Y,87.8,62,40,10.36
pe,san miguel,-13.0122222,-73.9805556,S,Y,85.8,42,0,3.44
pe,tarata,-17.4744444,-70.03277779999999,S,Y,69.01,47,37,1.01
ph,aguisan,10.1603,122.8615,N,Y,77.56,81,85,14.0
ph,alabel,6.101792,125.29047800000001,N,Y,76.21,79,93,6.82
ph,atulayan,17.6342,121.7219,N,Y,65.37,89,61,7.83
ph,bacayawan,7.766667,124.233333,N,Y,66.78,92,100,4.07
ph,baganga,7.573889,126.56,N,Y,78.33,80,99,7.45
ph,balabag,10.766667,122.53333300000001,N,Y,77.85,78,96,28.83
ph,banna,17.9809,120.6569,N,Y,68.0,83,75,2.3
ph,batakil,16.155278,120.5275,N,Y,69.08,76,5,5.01
ph,bato,10.825,119.471,N,Y,72.77,83,88,8.9
ph,binalonan,16.0503,120.5926,N,Y,69.22,76,3,5.99
ph,bobon,15.6691,120.3854,N,Y,75.97,87,100,19.17
ph,cabagan,17.427823,121.76954599999999,N,Y,65.32,92,61,6.42
ph,cuenca,13.902000000000001,121.0521,N,Y,66.2,63,75,6.91
ph,culasi,11.079167,122.981944,N,Y,77.25,79,98,17.87
ph,daraitan,14.6028,121.4319,N,Y,76.75,73,20,4.61
ph,darapidap,17.213055999999998,120.41138899999999,N,Y,72.03,70,4,7.2
ph,egana,10.7472,122.00984,N,Y,74.79,79,100,5.08
ph,erenas,12.4245,124.3238,N,Y,76.87,84,100,22.91
ph,gatbo,13.583332999999998,123.38333300000001,N,Y,70.7,89,97,8.21
ph,giporlos,11.12,125.449444,N,Y,77.7,85,100,15.73
ph,hernani,11.325833,125.619444,N,Y,59.81,88,40,3.44
ph,ivisan,11.521666999999999,122.69083300000001,N,Y,75.81,83,98,15.17
ph,kinalaglagan,14.001493,121.09771599999999,N,Y,77.0,71,13,8.01
ph,kipit,8.046111,122.53222199999999,N,Y,76.46,86,100,10.71
ph,kisolon,8.33,124.97694399999999,N,Y,75.0,92,100,5.01
ph,laminusa,5.5549,120.9136,N,Y,81.88,76,67,6.35
ph,la paz,8.270833,125.799722,N,Y,57.72,36,26,4.34
ph,leganes,10.787222,122.58916699999999,N,Y,54.64,87,75,2.3
ph,magsaysay,7.396667,125.635,N,Y,77.0,83,40,2.3
ph,malabor,11.272916,122.04660700000001,N,Y,77.88,76,100,15.32
ph,marihatag,8.793611,126.296944,N,Y,77.14,84,100,8.23
ph,minalabac,13.5687,123.1838,N,Y,72.79,83,94,10.89
ph,minapasuk,10.69885,123.349002,N,Y,73.42,90,98,16.4
ph,odiong,12.5931,121.5032,N,Y,76.17,81,84,11.14
ph,okiot,9.566667,123.16666699999999,N,Y,77.0,83,90,11.5
ph,palma gil,7.642222,125.629167,N,Y,77.0,83,40,2.3
ph,patao,11.2202,123.6925,N,Y,79.16,81,99,29.3
ph,plaridel,13.866667000000001,122.016667,N,Y,74.55,73,20,4.61
ph,sagasa,10.468,122.8939,N,Y,77.59,80,96,17.69
ph,salvacion,13.066667,123.61666699999999,N,Y,72.86,93,100,1.5
ph,san agustin,14.9724,120.6372,N,Y,60.93,48,1,8.05
ph,san andres,13.3227,122.6779,N,Y,84.2,65,20,11.5
ph,san francisco,12.724722,123.90638899999999,N,Y,43.18,93,20,4.61
ph,san francisco,13.7911,122.2876,N,Y,43.18,93,20,4.61
ph,san luis,8.878333,125.03888899999998,N,Y,83.25,36,4,1.61
ph,san rafael,14.9056,120.6945,N,Y,78.51,27,79,3.67
ph,santa cecilia,14.1054,122.2016,N,Y,69.42,91,100,4.99
ph,santa lucia,15.368057,120.48643100000001,N,Y,75.25,68,0,5.75
ph,san vicente,13.7,123.2,N,Y,76.84,83,66,6.44
ph,sapa,5.1544,120.3241,N,Y,80.67,81,60,9.69
ph,sapul,13.365,121.1893,N,Y,77.0,75,88,10.0
ph,sinacaban,8.2864,123.8399,N,Y,77.47,82,100,10.13
ph,tambo,7.156944,125.69916699999999,N,Y,47.17,48,3,9.89
ph,tayud,10.366667,123.96666699999999,N,Y,75.2,94,90,17.27
pk,hafizabad,32.067857000000004,73.685449,N,Y,52.41,41,0,3.98
pk,hyderabad,25.39242,68.37365600000001,N,Y,73.35,64,85,7.96
pk,kasur,31.115555999999998,74.446667,N,Y,57.2,72,0,3.67
pk,rustam,27.968967,68.80480899999999,N,Y,59.0,72,0,1.83
pk,sukkur,27.705164,68.857383,N,Y,59.0,72,0,5.46
pk,tando muhammad khan,25.123007,68.53577299999999,N,Y,59.31,31,0,2.51
pk,warburton,31.55,73.833333,N,Y,57.2,72,0,3.15
pk,zhob,31.341110999999998,69.44805600000001,N,Y,47.82,42,0,0.72
pl,cieszyn,49.746340000000004,18.636093,N,Y,31.46,96,100,3.71
pl,opole lubelskie,51.148001,21.969903,N,Y,28.63,82,96,1.99
pl,strzelce opolskie,50.513404,18.305401,N,Y,30.69,10,100,1.99
pl,wagrowiec,52.811659,17.207376,N,Y,29.98,67,76,3.0
pl,wegrow,52.401958,22.016667,N,Y,31.28,83,97,6.76
pl,wolomin,52.346753,21.239244,N,Y,31.98,83,99,4.76
pl,zdunska wola,51.597409999999996,18.931347,N,Y,24.03,86,0,1.14
pt,ferreira do alentejo,38.05,-8.033333,N,Y,53.6,100,90,6.91
pt,godim,41.171037,-7.803033,N,Y,57.99,8,79,5.99
pt,ourem,39.641675,-8.591899,N,Y,56.82,88,90,6.91
pt,pedroso,41.41103,-8.748974,N,Y,56.39,94,75,14.97
pt,ribeira grande,38.516667,-28.7,N,Y,64.4,63,20,17.27
pt,valongo,41.195007000000004,-8.51027,N,Y,55.83,94,75,17.27
py,capitan miranda,-27.2,-55.8,S,Y,85.89,61,75,5.75
py,luque,-25.266667,-57.566667,S,Y,66.61,74,0,3.0
py,san juan nepomuceno,-26.1,-55.966667,S,Y,86.79,47,99,8.75
py,villa elisa,-25.366667,-57.61666700000001,S,Y,87.8,66,75,13.8
re,sainte-marie,-20.8833333,55.55,S,Y,72.05,73,0,9.22
ro,aninoasa,45.183333000000005,24.933332999999998,N,Y,31.89,93,0,8.05
ro,avramesti,46.333333,25.016667,N,Y,35.8,80,40,6.91
ro,bacau,46.566666999999995,26.9,N,Y,38.08,65,0,6.91
ro,balanesti,45.066666999999995,23.4,N,Y,35.65,84,100,0.94
ro,baldovinesti,44.383333,24.05,N,Y,44.6,70,0,8.05
ro,belciugatele,44.483333,26.433333,N,Y,35.37,100,100,7.23
ro,boianu mare,47.383333,22.533333,N,Y,34.39,93,90,5.75
ro,cazanesti,44.616667,27.016666999999998,N,Y,39.0,69,72,5.01
ro,chiochis,46.983333,24.183332999999998,N,Y,34.52,93,90,3.44
ro,comana,43.9,28.316667,N,Y,35.35,93,99,6.62
ro,dobresti,43.966667,23.95,N,Y,39.09,93,75,11.5
ro,doftana,45.15,25.8,N,Y,30.99,86,100,1.97
ro,dor marunt,44.45,26.916666999999997,N,Y,37.15,70,85,4.0
ro,draganesti-vlasca,44.101389000000005,25.598056,N,Y,36.36,81,96,6.73
ro,dudestii vechi,46.05,20.483333,N,Y,44.06,87,75,9.22
ro,godinesti,45.0,22.966667,N,Y,35.98,85,100,3.27
ro,gradistea,44.866667,23.816667000000002,N,Y,39.0,69,91,5.01
ro,harseni,45.75,25.016667,N,Y,33.01,84,98,1.99
ro,ianca,43.783333,24.183332999999998,N,Y,34.43,90,77,12.82
ro,izvoarele,43.816666999999995,25.383333,N,Y,30.0,87,100,3.13
ro,liesti,45.616667,27.516666999999998,N,Y,34.93,87,89,8.19
ro,logresti,44.9,23.7,N,Y,46.4,66,0,9.22
ro,mirosi,44.416667,24.933332999999998,N,Y,35.49,90,97,5.17
ro,moftinu mare,47.666667,22.666667,N,Y,32.88,93,90,5.75
ro,poienile izei,47.7,24.116667,N,Y,32.0,93,90,4.61
ro,prigor,44.938333,22.113332999999997,N,Y,50.0,62,0,11.5
ro,rebrisoara,47.283333,24.45,N,Y,30.99,77,100,1.01
ro,sancraiu,46.833333,22.983333,N,Y,33.91,93,90,3.44
ro,slimnic,45.916667,24.166667,N,Y,37.2,81,75,7.11
ro,somcuta mare,47.516667,23.466667,N,Y,32.0,93,90,4.61
ro,stalpu,45.083333,26.716666999999998,N,Y,30.0,87,87,8.32
ro,stolniceni-prajescu,47.2,26.733333000000002,N,Y,37.0,75,81,5.12
ro,tacuta,46.916667,27.683333,N,Y,32.0,93,0,10.36
ro,teregova,45.15,22.283333,N,Y,37.98,89,100,1.95
ro,tureni,46.616667,23.7,N,Y,33.91,86,90,3.44
ro,voloiac,44.616667,23.1,N,Y,38.01,87,100,5.57
rs,bogovina,43.895,21.940278,N,Y,48.2,57,20,2.3
rs,negotin,44.226389000000005,22.530832999999998,N,Y,39.56,84,96,5.75
rs,senta,45.9275,20.077222,N,Y,43.88,89,100,13.47
rs,sjenica,43.273056,19.999444,N,Y,34.65,92,100,6.22
ru,ageyevo,54.15883,36.469266,N,Y,30.2,86,90,13.42
ru,aksakovo,54.033333,54.15,N,Y,36.21,75,90,4.61
ru,aleksandro-nevskiy,53.4751,40.2095,N,Y,27.68,97,99,15.86
ru,aleksandrovskaya,59.730833,30.332221999999998,N,Y,37.2,93,75,2.55
ru,altud,43.721944,43.865833,N,Y,37.2,93,75,2.37
ru,ansalta,42.689409999999995,46.117819,N,Y,34.3,84,6,2.82
ru,ateptsevo,55.323643000000004,36.750015999999995,N,Y,32.0,80,90,11.18
ru,bezhta,42.133796999999994,46.128284,N,Y,26.74,90,81,1.45
ru,chaltyr,47.28477,39.482323,N,Y,35.82,87,20,13.42
ru,chaykovskaya,58.127903,55.537808,N,Y,30.2,64,0,13.42
ru,demikhovo,55.796854,38.884039,N,Y,32.0,80,75,15.66
ru,deyskoye,43.475457,44.161823999999996,N,Y,37.8,93,75,5.61
ru,ekhabi,53.499722,142.968611,N,Y,-1.84,92,100,10.58
ru,gaptsakh,41.451741,47.930269,N,Y,35.73,75,79,3.2
ru,kemerovo,55.333332999999996,86.083333,N,Y,21.2,86,90,15.66
ru,kikerino,59.46204300000001,29.629934000000002,N,Y,32.0,93,90,6.71
ru,kinel-cherkassy,53.47059599999999,51.474305,N,Y,28.44,98,100,11.25
ru,klimovo,52.380534000000004,32.192328,N,Y,24.13,98,99,10.0
ru,koshkeldy,43.250233,46.352658,N,Y,44.6,70,75,8.95
ru,kotlas,61.257452,46.649634000000006,N,Y,21.69,96,100,8.5
ru,krasnoarmeysk,56.1,38.133333,N,Y,25.0,93,99,1.99
ru,krasnoarmeyskoye,52.7196,50.0213,N,Y,30.34,98,100,7.74
ru,krasnovishersk,60.407830000000004,57.08199200000001,N,Y,16.65,94,97,7.43
ru,krasnoye selo,59.738333,30.089444,N,Y,32.0,93,90,4.47
ru,krutikha,53.9599,81.2093,N,Y,22.41,97,100,9.37
ru,kyzyl,51.7,94.45,N,Y,19.02,95,100,0.63
ru,lazarev,52.225,141.513056,N,Y,-1.62,93,100,19.44
ru,maslovka,51.341243,39.540859999999995,N,Y,30.2,74,90,17.9
ru,mayrtup,43.203478000000004,46.132145,N,Y,44.6,70,75,8.95
ru,mayskiy,50.519881,36.458777000000005,N,Y,35.6,87,20,13.42
ru,mikhaylovka,54.7402,56.273999999999994,N,Y,32.0,88,31,4.0
ru,niny,44.487778000000006,43.948889,N,Y,40.96,69,100,5.75
ru,nizhnyaya maktama,54.863564000000004,52.428096000000004,N,Y,25.32,97,100,8.61
ru,pionerskiy,54.950826,20.227479000000002,N,Y,23.0,93,20,4.47
ru,rudnichnyy,59.00081899999999,57.648561,N,Y,22.12,98,100,9.08
ru,selenduma,50.913056,106.24055600000001,N,Y,-4.29,89,100,1.43
ru,shagonar,51.533333,92.8,N,Y,25.23,89,100,2.73
ru,solginskiy,61.05,41.342778,N,Y,20.62,97,100,9.8
ru,sovetskoye,42.444233000000004,46.551722,N,Y,27.27,94,100,11.88
ru,sovetskoye,51.442549,46.742399,N,Y,27.27,94,100,11.88
ru,sovkhoznyy,45.294623,38.113843,N,Y,39.94,61,40,20.13
ru,srednyaya akhtuba,48.709984000000006,44.867238,N,Y,30.11,93,0,11.18
ru,sukhodol,53.900627,51.211703,N,Y,27.57,98,100,11.48
ru,tiksi,71.68722199999999,128.869444,N,Y,-30.24,85,83,3.85
ru,tilichiki,60.466667,166.1,N,Y,-4.27,93,99,9.17
ru,udachnyy,66.416667,112.4,N,Y,-39.66,79,58,3.15
ru,udomlya,57.87944399999999,34.9925,N,Y,27.01,98,92,7.65
ru,uyar,55.8118,94.3247,N,Y,16.99,96,100,11.56
ru,varenikovskaya,45.120852,37.641709999999996,N,Y,42.4,61,40,20.13
ru,velikent,42.186258,48.062845,N,Y,42.8,82,100,2.89
ru,verkhnyaya toyma,62.234869999999994,44.998525,N,Y,24.1,96,100,11.12
ru,verkhoturye,58.862706,60.805363,N,Y,7.84,95,100,8.5
ru,yablonovo,51.8424,112.7625,N,Y,28.4,86,90,15.66
ru,zasechnoye,53.109201,45.079356,N,Y,28.99,73,100,7.83
ru,zelenokumsk,44.406944,43.880556,N,Y,39.09,81,90,8.95
se,nassjo,57.65,14.683333,N,Y,24.8,93,90,4.61
se,uppsala,59.85,17.633333,N,Y,23.38,93,90,12.66
si,radece,46.0680556,15.1838889,N,Y,40.93,93,90,4.61
si,ravne,45.9625,15.012777800000002,N,Y,39.67,85,100,2.66
sk,liptovsky mikulas,49.0833333,19.6166667,N,Y,29.48,100,90,4.61
sk,myjava,48.75,17.5666667,N,Y,33.37,100,90,4.61
sk,poprad,49.05,20.3,N,Y,29.25,100,90,4.61
sk,turcianske teplice,48.8666667,18.8666667,N,Y,32.67,100,100,3.36
sl,pujehun,7.3505556,-11.7180556,N,Y,90.54,51,66,4.21
sl,waterloo,8.3383333,-13.0719444,N,Y,15.82,67,20,9.22
sn,fatick,14.333333300000001,-16.4166667,N,Y,94.96,20,0,6.91
sn,gandiaye,14.233333300000002,-16.2666667,N,Y,95.92,9,0,6.91
sv,el rosario,13.497777800000001,-89.02972220000001,N,Y,70.0,55,40,5.75
sz,mbabane,-26.316666700000003,31.133333299999997,S,Y,69.06,89,85,4.05
sz,sidvokodvo,-26.616666700000003,31.45,S,Y,79.48,72,44,4.92
td,moussoro,13.6425,16.4888889,N,Y,86.22,11,0,16.53
th,chachoengsao,13.688195,101.071556,N,Y,82.02,65,62,2.46
th,phayakkhaphum phisai,15.516306,103.193667,N,Y,73.0,99,2,12.06
th,rong kwang,18.339028,100.317361,N,Y,79.0,47,50,3.13
th,soeng sang,14.426417,102.460584,N,Y,78.01,68,50,4.7
th,tha mai,12.621369,102.004805,N,Y,77.5,84,0,1.05
tn,manzil bu zalafah,36.683122999999995,10.584311999999999,N,Y,73.4,33,20,16.11
tr,cumra,37.573197,32.774460999999995,N,Y,32.0,51,0,4.61
tr,kestel,40.198283,29.212369,N,Y,39.2,75,0,3.44
tr,oltu,40.549831,42.001258,N,Y,32.63,92,100,4.09
tr,ortakoy,38.737281,34.038658,N,Y,30.2,69,20,9.22
tr,suluova,40.831285,35.647882,N,Y,32.0,59,0,8.05
tz,babati,-4.2166667,35.75,S,Y,71.64,58,15,2.53
tz,gamba,-5.9,39.3,S,Y,80.78,81,100,9.26
tz,mwadui,-3.55,33.6,S,Y,77.67,56,52,2.26
ua,frunze,48.66863,38.754441,N,Y,33.91,90,100,12.91
ua,hlyboka,48.089711,25.929333,N,Y,35.82,64,75,6.91
ua,hornostayivka,47.007771000000005,33.72899,N,Y,37.13,79,100,17.67
ua,katyuzhanka,50.805946999999996,30.137634999999996,N,Y,29.19,64,40,13.42
ua,kulynychi,49.982273,36.384183,N,Y,30.11,80,40,15.66
ua,morshyn,49.156519,23.872323,N,Y,31.46,69,40,2.24
ua,partenit,44.576448,34.344509,N,Y,43.0,60,98,4.0
ua,rozhnyativ,48.935755,24.163792,N,Y,30.97,69,40,2.24
ua,shyroke,47.69173,33.257145,N,Y,32.0,80,0,15.66
ua,starobesheve,47.750378000000005,38.030512,N,Y,34.0,89,100,13.35
ua,tysmenychany,48.771685,24.666264,N,Y,30.99,69,40,2.24
ua,velyka pysarivka,50.425867,35.485015000000004,N,Y,28.74,98,100,20.51
ua,vladyslavivka,45.168284,35.376581,N,Y,41.61,68,97,16.67
ua,voronovytsya,49.109541,28.680782,N,Y,25.3,68,68,8.95
ua,yaremche,48.451569,24.554362,N,Y,30.97,69,40,2.24
ug,nebbi,2.4758332999999997,31.1025,N,Y,84.88,28,92,5.46
us,alabaster,33.2441667,-86.8163889,N,Y,41.2,42,1,3.96
us,van buren,35.4366667,-94.3480556,N,Y,39.04,70,1,8.05
us,beaumont,33.929444399999994,-116.9763889,N,Y,49.55,71,90,5.75
us,escondido,33.1191667,-117.08555559999999,N,Y,49.23,87,90,3.44
us,farmersville,36.2977778,-119.20583329999998,N,Y,45.27,100,90,6.91
us,lathrop,37.8227778,-121.27555559999999,N,Y,43.27,93,90,5.75
us,malibu,34.005,-118.80916670000002,N,Y,47.62,93,100,6.98
us,north auburn,38.931388899999995,-121.08083329999998,N,Y,39.4,100,100,9.22
us,paramount,33.889444399999995,-118.1588889,N,Y,51.49,76,90,3.44
us,south el monte,34.0519444,-118.04583329999998,N,Y,45.75,100,75,3.09
us,tiburon,37.873611100000005,-122.45555559999998,N,Y,43.34,97,17,1.52
us,casselberry,28.6775,-81.3280556,N,Y,57.83,54,1,9.22
us,conway,28.5025,-81.3308333,N,Y,38.73,75,1,5.75
us,hollywood,26.0108333,-80.14972220000001,N,Y,47.93,81,90,1.7
us,pinewood,25.8686111,-80.21722220000001,N,Y,67.41,59,1,5.75
us,pompano beach,26.2375,-80.125,N,Y,67.44,59,20,9.22
us,wright,30.455555600000004,-86.6383333,N,Y,18.43,86,100,8.05
us,rantoul,40.3083333,-88.1558333,N,Y,26.85,74,1,8.05
us,rochelle,41.923888899999994,-89.0686111,N,Y,51.8,93,90,11.5
us,wauconda,42.258888899999995,-88.1391667,N,Y,24.76,52,0,1.99
us,crown point,41.4169444,-87.36527779999999,N,Y,26.02,54,1,6.91
us,dyer,41.4941667,-87.5216667,N,Y,35.37,64,1,5.75
us,new haven,41.070555600000006,-85.0144444,N,Y,11.93,44,40,17.27
us,buxton,43.6377778,-70.5194444,N,Y,44.64,96,70,13.2
us,damascus,39.2883333,-77.2041667,N,Y,44.6,65,40,12.66
us,fairhaven,41.6375,-70.9041667,N,Y,12.65,48,75,9.22
us,marlborough,42.345833299999995,-71.55277779999999,N,Y,48.65,77,1,1.99
us,northbridge,42.15138889999999,-71.65,N,Y,9.99,55,46,4.0
us,haslett,42.7469444,-84.4011111,N,Y,19.47,63,1,4.0
us,woodhaven,42.1388889,-83.2416667,N,Y,22.69,58,1,10.36
us,crystal,45.0327778,-93.36,N,Y,18.82,73,90,5.75
us,golden valley,45.0097222,-93.3488889,N,Y,18.95,73,90,5.75
us,carson city,39.163888899999996,-119.7663889,N,Y,30.09,100,90,0.25
us,loudon,43.2855556,-71.4677778,N,Y,31.42,63,97,1.01
us,cranford,40.658333299999995,-74.3,N,Y,20.61,38,40,24.16
us,north plainfield,40.63,-74.42777779999999,N,Y,20.66,36,40,16.11
us,belen,34.6627778,-106.77583329999999,N,Y,46.4,71,75,6.91
us,berea,41.366111100000005,-81.8544444,N,Y,21.0,68,90,6.91
us,lebanon,39.4352778,-84.2030556,N,Y,32.47,64,1,6.91
us,north ridgeville,41.389444399999995,-82.0191667,N,Y,21.4,68,90,9.22
us,warwick,41.7,-71.41666670000001,N,Y,12.83,44,40,23.02
us,snyder,32.7177778,-100.91722220000001,N,Y,42.8,65,1,10.36
us,stafford,29.6158333,-95.5575,N,Y,47.66,52,45,9.93
us,brigham city,41.5102778,-112.01472220000001,N,Y,39.76,52,90,9.22
us,saint albans,44.8108333,-73.08361109999998,N,Y,49.05,81,75,16.11
us,west lake stevens,47.9936111,-122.10055559999999,N,Y,37.17,93,90,3.44
us,janesville,42.6827778,-89.01861109999999,N,Y,19.26,68,75,8.05
us,platteville,42.7341667,-90.4783333,N,Y,20.7,79,90,10.87
us,green river,41.528611100000006,-109.46555559999999,N,Y,33.8,47,1,28.77
uy,artigas,-30.4,-56.466666700000005,S,Y,87.94,54,8,10.51
uz,kitob,39.118055600000005,66.8755556,N,Y,41.0,48,0,11.5
vn,bien hoa,10.95,106.816667,N,Y,77.0,78,40,3.44
vn,da nang,16.067778,108.22083300000001,N,Y,68.0,88,40,1.14
vn,rach gia,10.016667,105.08333300000001,N,Y,75.2,94,99,5.75
za,secunda,-26.55,29.166666999999997,S,Y,73.0,80,96,3.96
zm,katete,-14.05,32.0833333,S,Y,78.24,40,69,1.74
